{
    "SPLIT_DATE": "2023-01-01",
    "VAL_SPLIT": 0.2,
    "EPOCHS": 20,
    "MAX_HEADS": 20,
    "LAYER_COUNT": 6,
    "FEATURE_ATTENTION_ENABLED": 1,
    "L2_PENALTY_ENABLED": 1,
    "RETURN_PENALTY_ENABLED": 1,
    "PREDICT_DAYS": 4,
    "LOOKBACK": 117,
    "BATCH_SIZE": 84,
    "FEATURES": "ret,cmo,momentum",
    "MAX_LEVERAGE": 1.0,
    "DROPOUT": 0.3832290311184182,
    "WARMUP_FRAC": 0.025763658402824685,
    "DECAY": 0.09714143595538946,
    "LOSS_MIN_MEAN": 0.08326101981596214,
    "LOSS_RETURN_PENALTY": 0.2202157195714934
}